block_id,sub_block_id,aic_time(us),aic_total_cycles,aic_write_cache_hit,aic_write_cache_miss_allocate,aic_r0_read_cache_hit,aic_r0_read_cache_miss_allocate,aic_r1_read_cache_hit,aic_r1_read_cache_miss_allocate,aic_write_hit_rate(%),aic_read_hit_rate(%),aic_total_hit_rate(%),aiv_time(us),aiv_total_cycles,aiv_write_cache_hit,aiv_write_cache_miss_allocate,aiv_r0_read_cache_hit,aiv_r0_read_cache_miss_allocate,aiv_r1_read_cache_hit,aiv_r1_read_cache_miss_allocate,aiv_write_hit_rate(%),aiv_read_hit_rate(%),aiv_total_hit_rate(%),
0,vector0,NA,NA,NA,NA,NA,NA,NA,NA,NA,NA,NA,15.957778,28724,3,0,1,1321,0,1321,100.000000,0.037836,0.151172,
1,vector0,NA,NA,NA,NA,NA,NA,NA,NA,NA,NA,NA,16.251112,29252,3,0,41,1280,42,1280,100.000000,3.140371,3.250189,
2,vector0,NA,NA,NA,NA,NA,NA,NA,NA,NA,NA,NA,15.777778,28400,0,3,42,1280,41,1280,0.000000,3.140371,3.136810,
3,vector0,NA,NA,NA,NA,NA,NA,NA,NA,NA,NA,NA,16.168888,29104,3,0,41,1280,42,1280,100.000000,3.140371,3.250189,
4,vector0,NA,NA,NA,NA,NA,NA,NA,NA,NA,NA,NA,16.037222,28867,3,0,41,1281,42,1279,100.000000,3.140371,3.250189,
5,vector0,NA,NA,NA,NA,NA,NA,NA,NA,NA,NA,NA,16.733889,30121,3,0,41,1280,42,1280,100.000000,3.140371,3.250189,
6,vector0,NA,NA,NA,NA,NA,NA,NA,NA,NA,NA,NA,15.926666,28668,3,0,42,1278,41,1282,100.000000,3.140371,3.250189,
7,vector0,NA,NA,NA,NA,NA,NA,NA,NA,NA,NA,NA,16.458889,29626,3,0,43,1280,40,1280,100.000000,3.140371,3.250189,
8,vector0,NA,NA,NA,NA,NA,NA,NA,NA,NA,NA,NA,16.126667,29028,3,0,41,1279,42,1281,100.000000,3.140371,3.250189,
9,vector0,NA,NA,NA,NA,NA,NA,NA,NA,NA,NA,NA,16.518888,29734,3,0,43,1280,40,1280,100.000000,3.140371,3.250189,
10,vector0,NA,NA,NA,NA,NA,NA,NA,NA,NA,NA,NA,16.253889,29257,3,0,41,1281,42,1279,100.000000,3.140371,3.250189,
11,vector0,NA,NA,NA,NA,NA,NA,NA,NA,NA,NA,NA,16.676111,30017,3,0,2,1319,1,1321,100.000000,0.113507,0.226757,
12,vector0,NA,NA,NA,NA,NA,NA,NA,NA,NA,NA,NA,16.446112,29603,3,0,41,1280,42,1280,100.000000,3.140371,3.250189,
13,vector0,NA,NA,NA,NA,NA,NA,NA,NA,NA,NA,NA,16.802778,30245,3,0,42,1280,41,1280,100.000000,3.140371,3.250189,
14,vector0,NA,NA,NA,NA,NA,NA,NA,NA,NA,NA,NA,16.556667,29802,3,0,43,1282,40,1278,100.000000,3.140371,3.250189,
15,vector0,NA,NA,NA,NA,NA,NA,NA,NA,NA,NA,NA,16.727777,30110,3,0,41,1277,42,1283,100.000000,3.140371,3.250189,
16,vector0,NA,NA,NA,NA,NA,NA,NA,NA,NA,NA,NA,16.635555,29944,3,0,41,1282,42,1278,100.000000,3.140371,3.250189,
17,vector0,NA,NA,NA,NA,NA,NA,NA,NA,NA,NA,NA,16.832777,30299,3,0,42,1278,41,1282,100.000000,3.140371,3.250189,
18,vector0,NA,NA,NA,NA,NA,NA,NA,NA,NA,NA,NA,16.576111,29837,3,0,43,1280,40,1280,100.000000,3.140371,3.250189,
19,vector0,NA,NA,NA,NA,NA,NA,NA,NA,NA,NA,NA,17.010000,30618,3,0,40,1280,43,1280,100.000000,3.140371,3.250189,
20,vector0,NA,NA,NA,NA,NA,NA,NA,NA,NA,NA,NA,16.983334,30570,3,0,44,1280,39,1280,100.000000,3.140371,3.250189,
21,vector0,NA,NA,NA,NA,NA,NA,NA,NA,NA,NA,NA,17.260000,31068,3,0,40,1279,43,1281,100.000000,3.140371,3.250189,
22,vector0,NA,NA,NA,NA,NA,NA,NA,NA,NA,NA,NA,17.046667,30684,3,0,43,1279,40,1281,100.000000,3.140371,3.250189,
23,vector0,NA,NA,NA,NA,NA,NA,NA,NA,NA,NA,NA,17.474445,31454,3,0,41,1280,42,1280,100.000000,3.140371,3.250189,
24,vector0,NA,NA,NA,NA,NA,NA,NA,NA,NA,NA,NA,17.479445,31463,3,0,43,1281,40,1279,100.000000,3.140371,3.250189,
25,vector0,NA,NA,NA,NA,NA,NA,NA,NA,NA,NA,NA,17.879444,32183,3,0,40,1279,43,1281,100.000000,3.140371,3.250189,
26,vector0,NA,NA,NA,NA,NA,NA,NA,NA,NA,NA,NA,17.075001,30735,3,0,42,1280,41,1280,100.000000,3.140371,3.250189,
27,vector0,NA,NA,NA,NA,NA,NA,NA,NA,NA,NA,NA,17.720556,31897,0,3,41,1280,42,1280,0.000000,3.140371,3.136810,
28,vector0,NA,NA,NA,NA,NA,NA,NA,NA,NA,NA,NA,17.484444,31472,3,0,40,1279,43,1281,100.000000,3.140371,3.250189,
29,vector0,NA,NA,NA,NA,NA,NA,NA,NA,NA,NA,NA,15.611667,28101,3,0,43,1281,40,1279,100.000000,3.140371,3.250189,
30,vector0,NA,NA,NA,NA,NA,NA,NA,NA,NA,NA,NA,15.803889,28447,3,0,40,1279,43,1281,100.000000,3.140371,3.250189,
31,vector0,NA,NA,NA,NA,NA,NA,NA,NA,NA,NA,NA,16.037777,28868,3,0,44,1280,39,1280,100.000000,3.140371,3.250189,
