block_id,sub_block_id,aic_time(us),aic_total_cycles,aic_l0a_read_bw(GB/s),aic_l0a_write_bw(GB/s),aic_l0b_read_bw(GB/s),aic_l0b_write_bw(GB/s),aic_l0c_read_bw_cube(GB/s),aic_l0c_write_bw_cube(GB/s),aiv_time(us),aiv_total_cycles,
0,cube0,23.129444,41633,11.196401,6.664524,36.788174,9.596915,3.598843,13.329048,NA,NA,
0,vector0,NA,NA,NA,NA,NA,NA,NA,NA,25.832777,46499,
0,vector1,NA,NA,NA,NA,NA,NA,NA,NA,25.915001,46647,
1,cube0,12.767777,22982,0.000000,0.000000,0.000000,0.000000,0.000000,0.000000,NA,NA,
1,vector0,NA,NA,NA,NA,NA,NA,NA,NA,11.203889,20167,
1,vector1,NA,NA,NA,NA,NA,NA,NA,NA,13.861111,24950,
2,cube0,12.971111,23348,0.000000,0.000000,0.000000,0.000000,0.000000,0.000000,NA,NA,
2,vector0,NA,NA,NA,NA,NA,NA,NA,NA,14.271111,25688,
2,vector1,NA,NA,NA,NA,NA,NA,NA,NA,5.349444,9629,
3,cube0,13.131667,23637,0.000000,0.000000,0.000000,0.000000,0.000000,0.000000,NA,NA,
3,vector0,NA,NA,NA,NA,NA,NA,NA,NA,5.836111,10505,
3,vector1,NA,NA,NA,NA,NA,NA,NA,NA,8.877222,15979,
4,cube0,12.825000,23085,0.000000,0.000000,0.000000,0.000000,0.000000,0.000000,NA,NA,
4,vector0,NA,NA,NA,NA,NA,NA,NA,NA,8.585000,15453,
4,vector1,NA,NA,NA,NA,NA,NA,NA,NA,11.922222,21460,
5,cube0,13.012777,23423,0.000000,0.000000,0.000000,0.000000,0.000000,0.000000,NA,NA,
5,vector0,NA,NA,NA,NA,NA,NA,NA,NA,9.099444,16379,
5,vector1,NA,NA,NA,NA,NA,NA,NA,NA,11.876667,21378,
6,cube0,13.008333,23415,0.000000,0.000000,0.000000,0.000000,0.000000,0.000000,NA,NA,
6,vector0,NA,NA,NA,NA,NA,NA,NA,NA,11.887222,21397,
6,vector1,NA,NA,NA,NA,NA,NA,NA,NA,8.936111,16085,
7,cube0,10.684444,19232,0.000000,0.000000,0.000000,0.000000,0.000000,0.000000,NA,NA,
7,vector0,NA,NA,NA,NA,NA,NA,NA,NA,9.436111,16985,
7,vector1,NA,NA,NA,NA,NA,NA,NA,NA,9.545000,17181,
8,cube0,12.081667,21747,0.000000,0.000000,0.000000,0.000000,0.000000,0.000000,NA,NA,
8,vector0,NA,NA,NA,NA,NA,NA,NA,NA,9.780556,17605,
8,vector1,NA,NA,NA,NA,NA,NA,NA,NA,10.010555,18019,
9,cube0,12.235000,22023,0.000000,0.000000,0.000000,0.000000,0.000000,0.000000,NA,NA,
9,vector0,NA,NA,NA,NA,NA,NA,NA,NA,9.865556,17758,
9,vector1,NA,NA,NA,NA,NA,NA,NA,NA,10.093889,18169,
10,cube0,12.371667,22269,0.000000,0.000000,0.000000,0.000000,0.000000,0.000000,NA,NA,
10,vector0,NA,NA,NA,NA,NA,NA,NA,NA,10.219444,18395,
10,vector1,NA,NA,NA,NA,NA,NA,NA,NA,10.910556,19639,
11,cube0,11.684444,21032,0.000000,0.000000,0.000000,0.000000,0.000000,0.000000,NA,NA,
11,vector0,NA,NA,NA,NA,NA,NA,NA,NA,10.322778,18581,
11,vector1,NA,NA,NA,NA,NA,NA,NA,NA,11.082778,19949,
12,cube0,12.161667,21891,0.000000,0.000000,0.000000,0.000000,0.000000,0.000000,NA,NA,
12,vector0,NA,NA,NA,NA,NA,NA,NA,NA,10.423333,18762,
12,vector1,NA,NA,NA,NA,NA,NA,NA,NA,10.679444,19223,
13,cube0,12.254444,22058,0.000000,0.000000,0.000000,0.000000,0.000000,0.000000,NA,NA,
13,vector0,NA,NA,NA,NA,NA,NA,NA,NA,10.997222,19795,
13,vector1,NA,NA,NA,NA,NA,NA,NA,NA,11.168889,20104,
14,cube0,12.241111,22034,0.000000,0.000000,0.000000,0.000000,0.000000,0.000000,NA,NA,
14,vector0,NA,NA,NA,NA,NA,NA,NA,NA,11.255555,20260,
14,vector1,NA,NA,NA,NA,NA,NA,NA,NA,11.355556,20440,
15,cube0,12.300555,22141,0.000000,0.000000,0.000000,0.000000,0.000000,0.000000,NA,NA,
15,vector0,NA,NA,NA,NA,NA,NA,NA,NA,11.500556,20701,
15,vector1,NA,NA,NA,NA,NA,NA,NA,NA,11.747222,21145,
16,cube0,12.318334,22173,0.000000,0.000000,0.000000,0.000000,0.000000,0.000000,NA,NA,
16,vector0,NA,NA,NA,NA,NA,NA,NA,NA,11.847222,21325,
16,vector1,NA,NA,NA,NA,NA,NA,NA,NA,12.080000,21744,
17,cube0,12.294444,22130,0.000000,0.000000,0.000000,0.000000,0.000000,0.000000,NA,NA,
17,vector0,NA,NA,NA,NA,NA,NA,NA,NA,11.606667,20892,
17,vector1,NA,NA,NA,NA,NA,NA,NA,NA,11.936666,21486,
18,cube0,12.365556,22258,0.000000,0.000000,0.000000,0.000000,0.000000,0.000000,NA,NA,
18,vector0,NA,NA,NA,NA,NA,NA,NA,NA,12.459444,22427,
18,vector1,NA,NA,NA,NA,NA,NA,NA,NA,12.199445,21959,
19,cube0,12.510555,22519,0.000000,0.000000,0.000000,0.000000,0.000000,0.000000,NA,NA,
19,vector0,NA,NA,NA,NA,NA,NA,NA,NA,12.293889,22129,
19,vector1,NA,NA,NA,NA,NA,NA,NA,NA,12.657778,22784,
20,cube0,12.416667,22350,0.000000,0.000000,0.000000,0.000000,0.000000,0.000000,NA,NA,
20,vector0,NA,NA,NA,NA,NA,NA,NA,NA,12.547778,22586,
20,vector1,NA,NA,NA,NA,NA,NA,NA,NA,12.902223,23224,
21,cube0,12.530556,22555,0.000000,0.000000,0.000000,0.000000,0.000000,0.000000,NA,NA,
21,vector0,NA,NA,NA,NA,NA,NA,NA,NA,13.198889,23758,
21,vector1,NA,NA,NA,NA,NA,NA,NA,NA,13.425555,24166,
22,cube0,12.253333,22056,0.000000,0.000000,0.000000,0.000000,0.000000,0.000000,NA,NA,
22,vector0,NA,NA,NA,NA,NA,NA,NA,NA,13.486111,24275,
22,vector1,NA,NA,NA,NA,NA,NA,NA,NA,13.765555,24778,
23,cube0,12.642777,22757,0.000000,0.000000,0.000000,0.000000,0.000000,0.000000,NA,NA,
23,vector0,NA,NA,NA,NA,NA,NA,NA,NA,12.763889,22975,
23,vector1,NA,NA,NA,NA,NA,NA,NA,NA,13.010000,23418,
