block_id,sub_block_id,aic_time(us),aic_total_cycles,aiv_time(us),aiv_total_cycles,aiv_ub_read_bw_vector(GB/s),aiv_ub_write_bw_vector(GB/s),aiv_ub_read_bw_scalar(GB/s),aiv_ub_write_bw_scalar(GB/s),
0,cube0,23.129444,41633,NA,NA,NA,NA,NA,NA,
0,vector0,NA,NA,25.832777,46499,34.089043,27.091291,0.008331,0.000000,
0,vector1,NA,NA,25.915001,46647,34.089043,27.091291,0.008331,0.000000,
1,cube0,12.767777,22982,NA,NA,NA,NA,NA,NA,
1,vector0,NA,NA,11.203889,20167,0.000000,0.000000,0.008331,0.000000,
1,vector1,NA,NA,13.861111,24950,0.000000,0.000000,0.008331,0.000000,
2,cube0,12.971111,23348,NA,NA,NA,NA,NA,NA,
2,vector0,NA,NA,14.271111,25688,0.000000,0.000000,0.008331,0.000000,
2,vector1,NA,NA,5.349444,9629,0.000000,0.000000,0.008331,0.000000,
3,cube0,13.131667,23637,NA,NA,NA,NA,NA,NA,
3,vector0,NA,NA,5.836111,10505,0.000000,0.000000,0.008331,0.000000,
3,vector1,NA,NA,8.877222,15979,0.000000,0.000000,0.008331,0.000000,
4,cube0,12.825000,23085,NA,NA,NA,NA,NA,NA,
4,vector0,NA,NA,8.585000,15453,0.000000,0.000000,0.008331,0.000000,
4,vector1,NA,NA,11.922222,21460,0.000000,0.000000,0.008331,0.000000,
5,cube0,13.012777,23423,NA,NA,NA,NA,NA,NA,
5,vector0,NA,NA,9.099444,16379,0.000000,0.000000,0.008331,0.000000,
5,vector1,NA,NA,11.876667,21378,0.000000,0.000000,0.008331,0.000000,
6,cube0,13.008333,23415,NA,NA,NA,NA,NA,NA,
6,vector0,NA,NA,11.887222,21397,0.000000,0.000000,0.008331,0.000000,
6,vector1,NA,NA,8.936111,16085,0.000000,0.000000,0.008331,0.000000,
7,cube0,10.684444,19232,NA,NA,NA,NA,NA,NA,
7,vector0,NA,NA,9.436111,16985,0.000000,0.000000,0.008331,0.000000,
7,vector1,NA,NA,9.545000,17181,0.000000,0.000000,0.008331,0.000000,
8,cube0,12.081667,21747,NA,NA,NA,NA,NA,NA,
8,vector0,NA,NA,9.780556,17605,0.000000,0.000000,0.008331,0.000000,
8,vector1,NA,NA,10.010555,18019,0.000000,0.000000,0.008331,0.000000,
9,cube0,12.235000,22023,NA,NA,NA,NA,NA,NA,
9,vector0,NA,NA,9.865556,17758,0.000000,0.000000,0.008331,0.000000,
9,vector1,NA,NA,10.093889,18169,0.000000,0.000000,0.008331,0.000000,
10,cube0,12.371667,22269,NA,NA,NA,NA,NA,NA,
10,vector0,NA,NA,10.219444,18395,0.000000,0.000000,0.008331,0.000000,
10,vector1,NA,NA,10.910556,19639,0.000000,0.000000,0.008331,0.000000,
11,cube0,11.684444,21032,NA,NA,NA,NA,NA,NA,
11,vector0,NA,NA,10.322778,18581,0.000000,0.000000,0.008331,0.000000,
11,vector1,NA,NA,11.082778,19949,0.000000,0.000000,0.008331,0.000000,
12,cube0,12.161667,21891,NA,NA,NA,NA,NA,NA,
12,vector0,NA,NA,10.423333,18762,0.000000,0.000000,0.008331,0.000000,
12,vector1,NA,NA,10.679444,19223,0.000000,0.000000,0.008331,0.000000,
13,cube0,12.254444,22058,NA,NA,NA,NA,NA,NA,
13,vector0,NA,NA,10.997222,19795,0.000000,0.000000,0.008331,0.000000,
13,vector1,NA,NA,11.168889,20104,0.000000,0.000000,0.008331,0.000000,
14,cube0,12.241111,22034,NA,NA,NA,NA,NA,NA,
14,vector0,NA,NA,11.255555,20260,0.000000,0.000000,0.008331,0.000000,
14,vector1,NA,NA,11.355556,20440,0.000000,0.000000,0.008331,0.000000,
15,cube0,12.300555,22141,NA,NA,NA,NA,NA,NA,
15,vector0,NA,NA,11.500556,20701,0.000000,0.000000,0.008331,0.000000,
15,vector1,NA,NA,11.747222,21145,0.000000,0.000000,0.008331,0.000000,
16,cube0,12.318334,22173,NA,NA,NA,NA,NA,NA,
16,vector0,NA,NA,11.847222,21325,0.000000,0.000000,0.008331,0.000000,
16,vector1,NA,NA,12.080000,21744,0.000000,0.000000,0.008331,0.000000,
17,cube0,12.294444,22130,NA,NA,NA,NA,NA,NA,
17,vector0,NA,NA,11.606667,20892,0.000000,0.000000,0.008331,0.000000,
17,vector1,NA,NA,11.936666,21486,0.000000,0.000000,0.008331,0.000000,
18,cube0,12.365556,22258,NA,NA,NA,NA,NA,NA,
18,vector0,NA,NA,12.459444,22427,0.000000,0.000000,0.008331,0.000000,
18,vector1,NA,NA,12.199445,21959,0.000000,0.000000,0.008331,0.000000,
19,cube0,12.510555,22519,NA,NA,NA,NA,NA,NA,
19,vector0,NA,NA,12.293889,22129,0.000000,0.000000,0.008331,0.000000,
19,vector1,NA,NA,12.657778,22784,0.000000,0.000000,0.008331,0.000000,
20,cube0,12.416667,22350,NA,NA,NA,NA,NA,NA,
20,vector0,NA,NA,12.547778,22586,0.000000,0.000000,0.008331,0.000000,
20,vector1,NA,NA,12.902223,23224,0.000000,0.000000,0.008331,0.000000,
21,cube0,12.530556,22555,NA,NA,NA,NA,NA,NA,
21,vector0,NA,NA,13.198889,23758,0.000000,0.000000,0.008331,0.000000,
21,vector1,NA,NA,13.425555,24166,0.000000,0.000000,0.008331,0.000000,
22,cube0,12.253333,22056,NA,NA,NA,NA,NA,NA,
22,vector0,NA,NA,13.486111,24275,0.000000,0.000000,0.008331,0.000000,
22,vector1,NA,NA,13.765555,24778,0.000000,0.000000,0.008331,0.000000,
23,cube0,12.642777,22757,NA,NA,NA,NA,NA,NA,
23,vector0,NA,NA,12.763889,22975,0.000000,0.000000,0.008331,0.000000,
23,vector1,NA,NA,13.010000,23418,0.000000,0.000000,0.008331,0.000000,
